Title,URL,Channel Name,Published At
First Trade 10th March 2025 : Zee Business Live | Share Market Live Updates | Stock Market News,https://www.youtube.com/watch?v=ZyackRwppks,Zee Business,2025-03-10T17:36:57Z
Stock Market LIVE Updates | Nifty &amp; Sensex LIVE | March 10th | Share Market Live | CNBC TV18,https://www.youtube.com/watch?v=S8yn7LUvJQE,CNBC-TV18,2025-03-10T17:24:17Z
Tanker and cargo ship on fire after colliding in North Sea | Business Live with Darren McCaffrey,https://www.youtube.com/watch?v=D9QfM39nmg8,Sky News,2025-03-10T16:59:16Z
CNBC Awaaz Live : Share Market Live Updates | Latest Business News | Stock Market News Live | Nifty,https://www.youtube.com/watch?v=s11b9WgLFf8,CNBC Awaaz.,2025-03-10T16:06:39Z
Khabar Chalisa | Business News | Political News | Sports News | Entertainment News,https://www.youtube.com/watch?v=TPHwNvFWB68,Zee Business,2025-03-10T16:01:12Z
Share Market Live Updates | Latest Business News | Stock Market News | Nifty Sensex | ET Now Swadesh,https://www.youtube.com/watch?v=tl48VFn4-fg,ET Now Swadesh,2025-03-10T14:31:19Z
Bazaar Today &amp; Tomorrow: Uncovering Money-Making Opportunities!,https://www.youtube.com/watch?v=IP9QaK49GEM,Zee Business,2025-03-10T14:29:40Z
Democrat who interrupted Trump speech now faces new consequences,https://www.youtube.com/watch?v=680n3hvYaJU,Fox Business,2025-03-10T13:30:08Z
Stock Market Live : Share Market Live Updates | Gujarati Business News | Share Market News Live,https://www.youtube.com/watch?v=Voc1KZrdLlw,CNBC Bajar,2025-03-10T12:50:40Z
আবুল খায়ের গ্রুপের চেয়ারম্যান কেন ব্যবসা সম্প্রসারণ করছেন? | Business News | The Business Standard,https://www.youtube.com/watch?v=uNxCTo4w6KQ,The Business Standard,2025-03-10T12:35:47Z
